{
  "train_mae": 5422.134253360727,
  "test_mae": 14341.030187048867,
  "train_rmse": 7638.180362648061,
  "test_rmse": 20380.455852350493,
  "train_r2": 0.9829232902859496,
  "test_r2": 0.8883138851686159,
  "test_mape": 0.0960719521434744,
  "accuracy": 90.39280478565256,
  "cv_mean": 0.8729089493121389,
  "cv_std": 0.01748403370865084,
  "train_size": 2234,
  "num_features": 29,
  "timestamp": "2026-03-01T23:10:56.120157",
  "model_name": "Random Forest Pipeline"
}