{
  "model_name": "Advanced Ensemble ML Model",
  "framework": "Scikit-Learn",
  "train_mae": 5442.0378035392705,
  "train_rmse": 7655.409192951954,
  "train_mape": 0.03602277006122172,
  "train_r2": 0.982846166276114,
  "test_mae": 14250.164923929857,
  "test_rmse": 20343.45344620879,
  "test_mape": 0.09549080940151684,
  "test_r2": 0.8887190678026586,
  "accuracy": 90.45091905984832,
  "precision": 88.87190678026586,
  "cv_mean": 0.8745722712862645,
  "cv_std": 0.017432613543284806,
  "train_size": 2234,
  "test_size": 559,
  "num_features": 28,
  "timestamp": "2026-03-01T23:05:24.459592"
}